unique_cod,data_informada,data_exclusao,data_importacao,pessoa_unique_cod,profissional_unique_cod,prontuario_unique_cod,documento_texto,prontuario_especialidade_cod,inclusor_unique_cod
100000000,2020-11-25 18:00:00.000,,2020-12-26 18:59:04.000,300,100,400000000,"Relato para os devidos fins que o(a) paciente (nome do paciente)
permaneceu internado(a) no(a) (nome do estabelecimento) sob meus cuidados
no período de (periodo) a (periodo) devido ao quadro de (sintoma).
Neste Periodo visitei o(a) paciente o número de vezes que julguei necessário e cobro por isso o vaor de (preço).",18,
100000001,2020-11-27 08:00:00.000,,2020-12-26 18:59:04.000,400,100,400000001,"Caro(a) colega Dr(a). (nome do médico).
Conforme encaminhamento, atendi na data de hoje o(a) paciente (nome do paciente), apresentando quadro de (diagnóstico).
Trata-se de (diagnóstico)
Sem mais, me colocando a disposição para quaisquer esclarecimentos.",18,
100000002,2021-02-15 09:00:00.000,,2021-02-16 08:00:00.000,100,200,400000002,Relatório médico descrevendo evolução do tratamento estético facial com orientações de manutenção.,19,
100000003,2021-05-10 14:30:00.000,,2021-05-11 09:00:00.000,200,200,400000003,Paciente apresentou melhora significativa após fisioterapia estética corporal. Recomendado manter exercícios leves.,19,
100000004,2021-09-03 11:45:00.000,,2021-09-04 08:30:00.000,500,100,400000004,Relatório pós-procedimento descrevendo cuidados necessários e retorno previsto em 15 dias.,18,
